scene_id,S_illum,low_illum
rgb20210409_180440_00.jpg,0.062745101749897,True
rgb20210409_181137_475024.jpg,0.062745101749897,True
rgb20210409_164558_01.jpg,0.062745101749897,True
rgb20210409_164530_01.jpg,0.06610039621591568,True
rgb20210409_164543_01.jpg,0.06666667014360428,True
rgb20210409_170821_01.jpg,0.06666667014360428,True
rgb20210409_164334_00.jpg,0.06666667014360428,True
rgb20210409_164341_02.jpg,0.06666667014360428,True
rgb20210409_170839_02.jpg,0.06666667014360428,True
rgb20210409_180329_02.jpg,0.06693412363529205,True
rgb20210409_180358_02.jpg,0.07002196460962296,True
rgb20210409_180521_00.jpg,0.07002196460962296,True
rgb20210409_180338_00.jpg,0.07002196460962296,True
rgb20210409_164308_384443.jpg,0.07058823853731155,True
rgb20210409_180405_03.jpg,0.07058823853731155,True
rgb20210409_163510_02.jpg,0.07058823853731155,True
rgb20210409_170953_03.jpg,0.07058823853731155,True
rgb20210409_170927_00.jpg,0.07058823853731155,True
rgb20210409_180819_02.jpg,0.07058823853731155,True
rgb20210409_164359_00.jpg,0.07058823853731155,True
rgb20210409_171014_01.jpg,0.07058823853731155,True
rgb20210409_171010_00.jpg,0.07058823853731155,True
rgb20210409_170740_01.jpg,0.07058823853731155,True
rgb20210409_170916_02.jpg,0.07058823853731155,True
rgb20210409_164251_02.jpg,0.07058823853731155,True
rgb20210409_180416_00.jpg,0.07058823853731155,True
rgb20210409_180347_01.jpg,0.07058823853731155,True
rgb20210409_180842_00.jpg,0.07088706642389297,True
rgb20210409_164315_00.jpg,0.07255922257900238,True
rgb20210409_180856_01.jpg,0.07255922257900238,True
rgb20210409_164742_00.jpg,0.07255922257900238,True
rgb20210409_164449_00.jpg,0.07255922257900238,True
rgb20210409_180915_32576.jpg,0.07394353300333023,True
rgb20210409_171115_01.jpg,0.07394353300333023,True
rgb20210409_180536_02.jpg,0.07394353300333023,True
rgb20210409_164505_00.jpg,0.07450980693101883,True
rgb20210409_164409_02.jpg,0.07450980693101883,True
rgb20210409_180516_01.jpg,0.07450980693101883,True
rgb20210409_164242_01.jpg,0.07450980693101883,True
rgb20210409_171111_00.jpg,0.07450980693101883,True
rgb20210409_180905_01.jpg,0.07450980693101883,True
rgb20210409_170847_540977.jpg,0.07450980693101883,True
rgb20210409_181007_03.jpg,0.07450980693101883,True
rgb20210409_164434_02.jpg,0.0778651013970375,True
rgb20210409_180859_04.jpg,0.0778651013970375,True
rgb20210409_164456_00.jpg,0.0778651013970375,True
rgb20210409_181042_02.jpg,0.0778651013970375,True
rgb20210409_170630_02.jpg,0.07816392928361893,True
rgb20210409_180834_856476.jpg,0.0784313753247261,True
rgb20210409_164752_01.jpg,0.0784313753247261,True
rgb20210409_164235_208582.jpg,0.0784313753247261,True
rgb20210409_164227_01.jpg,0.07869882881641388,True
rgb20210409_180754_38734.jpg,0.08038196712732315,True
rgb20210409_163827_02.jpg,0.08061333745718002,True
rgb20210409_151558_02.jpg,0.08178666979074478,True
rgb20210409_180626_03.jpg,0.08178666979074478,True
rgb20210409_180805_00.jpg,0.08235294371843338,True
rgb20210409_164224_01.jpg,0.08235294371843338,True
rgb20210409_155019_02.jpg,0.0826517641544342,True
rgb20210409_155115_05.jpg,0.0826517641544342,True
rgb20210409_155031_01.jpg,0.0826517641544342,True
rgb20210409_164802_02.jpg,0.08291921764612198,True
rgb20210409_155035_00.jpg,0.08322274684906006,True
rgb20210409_155059_01.jpg,0.08378902077674866,True
rgb20210409_144906_02.jpg,0.08430353552103043,True
rgb20210410_165937_02.jpg,0.08430353552103043,True
rgb20210410_165818_01.jpg,0.08430353552103043,True
rgb20210409_170702_02.jpg,0.0843239277601242,True
rgb20210410_121249_00.jpg,0.0843239277601242,True
rgb20210409_151443_02.jpg,0.08570823818445206,True
rgb20210409_180557_04.jpg,0.08570823818445206,True
rgb20210409_160736_00.jpg,0.08600706607103348,True
rgb20210409_155927_02.jpg,0.08600706607103348,True
rgb20210410_165919_373000.jpg,0.08600706607103348,True
rgb20210409_165247_02.jpg,0.08600706607103348,True
rgb20210410_171736_02.jpg,0.08627451211214066,True
rgb20210410_165749_01.jpg,0.08627451211214066,True
rgb20210410_165808_01.jpg,0.08627451211214066,True
rgb20210410_170231_00.jpg,0.08627451211214066,True
rgb20210410_170209_02.jpg,0.08627451211214066,True
rgb20210409_151645_02.jpg,0.08654196560382843,True
rgb20210409_161707_00.jpg,0.08657333999872208,True
rgb20210410_171745_01.jpg,0.08684078603982925,True
rgb20210409_150209_02.jpg,0.08824548870325089,True
rgb20210409_161524_03.jpg,0.08824548870325089,True
rgb20210409_162256_00.jpg,0.08962980657815933,True
rgb20210409_165829_01.jpg,0.08992862701416016,True
rgb20210409_165838_03.jpg,0.08992862701416016,True
rgb20210409_160706_03.jpg,0.08992862701416016,True
rgb20210409_162326_01.jpg,0.08992862701416016,True
rgb20210409_161600_00.jpg,0.08992862701416016,True
rgb20210409_162305_400400.jpg,0.08992862701416016,True
rgb20210409_145941_01.jpg,0.08992862701416016,True
rgb20210409_160101_00.jpg,0.08992862701416016,True
rgb20210409_145912_00.jpg,0.09013961255550385,True
rgb20210409_162315_00.jpg,0.09019608050584793,True
rgb20210410_165738_00.jpg,0.09019608050584793,True
rgb20210410_170015_01.jpg,0.09019608050584793,True
rgb20210410_120509_00.jpg,0.09019608050584793,True
rgb20210409_161516_00.jpg,0.09019608050584793,True
rgb20210409_153333_03.jpg,0.09049490094184875,True
rgb20210410_171703_00.jpg,0.09049490094184875,True
rgb20210409_165239_00.jpg,0.09049490094184875,True
rgb20210410_171721_01.jpg,0.09076235443353653,True
rgb20210410_171049_02.jpg,0.09076235443353653,True
rgb20210409_164007_02.jpg,0.09192627668380737,True
rgb20210410_165705_00.jpg,0.09214667230844498,True
rgb20210410_165656_03.jpg,0.09214667230844498,True
rgb20210409_161625_00.jpg,0.09216705709695816,True
rgb20210409_161536_01.jpg,0.09216705709695816,True
rgb20210409_145945_01.jpg,0.09237804263830185,True
rgb20210410_171032_954756.jpg,0.09385019540786743,True
rgb20210410_170157_03.jpg,0.09385019540786743,True
rgb20210409_161605_01.jpg,0.09385019540786743,True
rgb20210409_165253_02.jpg,0.09385019540786743,True
rgb20210409_162148_58606.jpg,0.09385019540786743,True
rgb20210409_160455_01.jpg,0.09385019540786743,True
rgb20210409_160743_01.jpg,0.09385019540786743,True
rgb20210410_170919_00.jpg,0.0941176488995552,True
rgb20210410_165955_180807.jpg,0.0941176488995552,True
rgb20210410_170055_02.jpg,0.0941176488995552,True
rgb20210410_170135_01.jpg,0.0941176488995552,True
rgb20210410_170215_00.jpg,0.0941176488995552,True
rgb20210410_170716_00.jpg,0.0941176488995552,True
rgb20210410_165945_02.jpg,0.0941176488995552,True
rgb20210410_171631_01.jpg,0.0941176488995552,True
rgb20210410_171625_00.jpg,0.0941176488995552,True
rgb20210409_160318_02.jpg,0.0941176488995552,True
rgb20210410_170849_01.jpg,0.0941176488995552,True
rgb20210410_170047_02.jpg,0.0941176488995552,True
rgb20210410_171709_00.jpg,0.0941176488995552,True
rgb20210409_160507_01.jpg,0.0943286344408989,True
rgb20210410_165551_01.jpg,0.09438509494066238,True
rgb20210409_160127_00.jpg,0.09441646933555603,True
rgb20210409_162052_01.jpg,0.09441646933555603,True
rgb20210409_155645_02.jpg,0.09441646933555603,True
rgb20210409_163809_466107.jpg,0.09441646933555603,True
rgb20210410_165601_01.jpg,0.0946839228272438,True
rgb20210409_150006_00.jpg,0.09469960629940033,True
rgb20210409_163948_01.jpg,0.09469960629940033,True
rgb20210409_163043_02.jpg,0.09498745948076248,True
rgb20210410_171319_02.jpg,0.09552235901355743,True
rgb20210409_165719_02.jpg,0.09555373340845108,True
rgb20210410_171059_01.jpg,0.09576470404863358,True
rgb20210410_170142_02.jpg,0.09606823325157166,True
rgb20210410_170245_02.jpg,0.09606823325157166,True
rgb20210409_165217_01.jpg,0.09608863294124603,True
rgb20210410_165726_507605.jpg,0.09608863294124603,True
rgb20210409_144347_01.jpg,0.09608863294124603,True
rgb20210410_171615_160965.jpg,0.09608863294124603,True
rgb20210410_165616_02.jpg,0.09608863294124603,True
rgb20210410_165641_01.jpg,0.09747294336557388,True
rgb20210410_170902_02.jpg,0.09747294336557388,True
rgb20210410_170257_02.jpg,0.09752000123262405,True
rgb20210410_171450_00.jpg,0.0977717712521553,True
rgb20210409_162245_03.jpg,0.0977717712521553,True
rgb20210409_160450_03.jpg,0.0977717712521553,True
rgb20210409_162442_00.jpg,0.0977717712521553,True
rgb20210410_171024_01.jpg,0.0977717712521553,True
rgb20210410_170950_00.jpg,0.09803921729326248,True
rgb20210410_171350_01.jpg,0.09803921729326248,True
rgb20210410_171823_01.jpg,0.09803921729326248,True
rgb20210410_165508_00.jpg,0.09803921729326248,True
rgb20210410_120329_02.jpg,0.09803921729326248,True
rgb20210410_171410_01.jpg,0.09803921729326248,True
rgb20210410_170026_00.jpg,0.09803921729326248,True
rgb20210410_170310_00.jpg,0.09803921729326248,True
rgb20210410_171359_03.jpg,0.09803921729326248,True
rgb20210409_155951_02.jpg,0.0983380451798439,True
rgb20210409_163955_03.jpg,0.0983380451798439,True
rgb20210409_160011_01.jpg,0.09860549122095108,True
rgb20210410_165535_01.jpg,0.09860549122095108,True
rgb20210409_165211_15.jpg,0.0986211821436882,True
rgb20210409_161510_01.jpg,0.09890902042388916,True
rgb20210409_162201_03.jpg,0.09890902042388916,True
rgb20210409_162213_03.jpg,0.09925020486116409,True
rgb20210409_154411_00.jpg,0.09944392740726471,True
rgb20210409_160854_02.jpg,0.09944392740726471,True
rgb20210409_164107_03.jpg,0.09947529435157776,True
rgb20210409_164013_02.jpg,0.09998980909585953,True
rgb20210410_171329_01.jpg,0.10001020133495331,True
rgb20210410_171005_00.jpg,0.10001020133495331,True
rgb20210409_155958_01.jpg,0.10001020133495331,True
rgb20210409_160040_02.jpg,0.10001020133495331,True
rgb20210409_165832_03.jpg,0.10087529569864273,True
rgb20210409_165708_02.jpg,0.10087529569864273,True
rgb20210409_165819_01.jpg,0.10139451175928116,True
rgb20210410_171137_00.jpg,0.10165726393461227,True
rgb20210409_161634_00.jpg,0.10165726393461227,True
rgb20210409_150149_00.jpg,0.10169333964586258,True
rgb20210409_160051_02.jpg,0.10169333964586258,True
rgb20210409_150207_01.jpg,0.10169333964586258,True
rgb20210410_104429_02.jpg,0.10196078568696976,True
rgb20210410_170828_03.jpg,0.10196078568696976,True
rgb20210410_171127_00.jpg,0.10196078568696976,True
rgb20210410_170930_02.jpg,0.10196078568696976,True
rgb20210410_171152_740545.jpg,0.10196078568696976,True
rgb20210410_171758_00.jpg,0.10196078568696976,True
rgb20210410_165448_03.jpg,0.10196078568696976,True
rgb20210410_165431_02.jpg,0.10196078568696976,True
rgb20210410_170807_00.jpg,0.10196078568696976,True
rgb20210409_151358_01.jpg,0.10196078568696976,True
rgb20210409_163816_01.jpg,0.10225961357355118,True
rgb20210409_162059_01.jpg,0.10225961357355118,True
rgb20210409_161719_135243.jpg,0.10225961357355118,True
rgb20210409_160658_02.jpg,0.10252705961465836,True
rgb20210410_165521_00.jpg,0.10252705961465836,False
rgb20210409_162219_01.jpg,0.10336548835039139,False
rgb20210409_161735_03.jpg,0.10341254621744156,False
rgb20210410_105220_02.jpg,0.10363294184207916,False
rgb20210409_165757_02.jpg,0.10393176227807999,False
rgb20210409_160901_03.jpg,0.10393647104501724,False
rgb20210409_162504_03.jpg,0.10422588139772415,False
rgb20210409_160655_02.jpg,0.10422588139772415,False
rgb20210409_151709_02.jpg,0.10444627702236176,False
rgb20210409_151414_02.jpg,0.10531608015298843,False
rgb20210410_105802_02.jpg,0.10558353364467621,False
rgb20210410_105825_210891.jpg,0.10558353364467621,False
rgb20210409_152920_03.jpg,0.10561490058898926,False
rgb20210409_160518_00.jpg,0.10561490058898926,False
rgb20210409_162035_939460.jpg,0.10561490058898926,False
rgb20210409_152911_02.jpg,0.10561490058898926,False
rgb20210409_165529_03.jpg,0.10566195845603943,False
rgb20210410_170752_01.jpg,0.10588235408067703,False
rgb20210410_170322_00.jpg,0.10588235408067703,False
rgb20210409_150218_02.jpg,0.10588235408067703,False
rgb20210409_165918_00.jpg,0.10588235408067703,False
rgb20210410_105416_00.jpg,0.10588235408067703,False
rgb20210410_104647_02.jpg,0.10588235408067703,False
rgb20210409_144854_01.jpg,0.10588235408067703,False
rgb20210409_144856_01.jpg,0.10614980757236481,False
rgb20210410_171117_00.jpg,0.10614980757236481,False
rgb20210409_162228_124612.jpg,0.10618117451667786,False
rgb20210409_165915_02.jpg,0.10618117451667786,False
rgb20210409_143015_01.jpg,0.10618117451667786,False
rgb20210409_165732_683893.jpg,0.10618588328361511,False
rgb20210409_165654_408849.jpg,0.10618588328361511,False
rgb20210409_144413_02.jpg,0.10644862800836563,False
rgb20210410_105908_02.jpg,0.1069631427526474,False
rgb20210410_105857_02.jpg,0.10733411461114883,False
rgb20210409_151827_00.jpg,0.10755451023578644,False
rgb20210409_154806_00.jpg,0.10871843248605728,False
rgb20210410_170549_02.jpg,0.10923764854669571,False
rgb20210410_105248_02.jpg,0.10923764854669571,False
rgb20210409_150158_00.jpg,0.10950509458780289,False
rgb20210409_161546_02.jpg,0.10953646898269653,False
rgb20210409_160328_176434.jpg,0.10953646898269653,False
rgb20210409_153632_03.jpg,0.10953646898269653,False
rgb20210410_105841_00.jpg,0.10980392247438431,False
rgb20210409_151334_03.jpg,0.10980392247438431,False
rgb20210409_170624_01.jpg,0.10980392247438431,False
rgb20210409_151428_457601.jpg,0.10980392247438431,False
rgb20210409_160623_02.jpg,0.110014908015728,False
rgb20210409_154731_00.jpg,0.11010274291038513,False
rgb20210409_153652_02.jpg,0.11010274291038513,False
rgb20210409_165909_03.jpg,0.11010274291038513,False
rgb20210410_165422_02.jpg,0.1103701964020729,False
rgb20210409_162526_01.jpg,0.1103701964020729,False
rgb20210409_152900_00.jpg,0.11038587987422943,False
rgb20210409_142037_02.jpg,0.11064235121011734,False
rgb20210409_165849_01.jpg,0.11067371815443039,False
rgb20210409_155918_00.jpg,0.11093176901340485,False
rgb20210409_160632_02.jpg,0.11120862513780594,False
rgb20210409_153622_300413.jpg,0.11120862513780594,False
rgb20210409_161641_03.jpg,0.11123999208211899,False
rgb20210410_105812_01.jpg,0.11147607862949371,False
rgb20210409_154842_02.jpg,0.11175450682640076,False
rgb20210410_114238_02.jpg,0.11177489906549454,False
rgb20210409_154016_00.jpg,0.1122894138097763,False
rgb20210410_105210_00.jpg,0.1122894138097763,False
rgb20210409_150749_01.jpg,0.11232078075408936,False
rgb20210409_154144_02.jpg,0.11259765177965164,False
rgb20210409_165647_01.jpg,0.11263999342918396,False
rgb20210409_163739_02.jpg,0.11263999342918396,False
rgb20210410_105752_01.jpg,0.1128556877374649,False
rgb20210410_105837_01.jpg,0.11314352601766586,False
rgb20210409_144837_01.jpg,0.11315921694040298,False
rgb20210410_105947_02.jpg,0.11342666298151016,False
rgb20210409_154307_00.jpg,0.11342666298151016,False
rgb20210409_162119_01.jpg,0.11345803737640381,False
rgb20210410_171854_01.jpg,0.11372549086809158,False
rgb20210409_154755_03.jpg,0.11377254128456116,False
rgb20210410_171841_355887.jpg,0.11399293690919876,False
rgb20210409_160713_02.jpg,0.11399293690919876,False
rgb20210409_160629_01.jpg,0.11402431130409241,False
rgb20210409_160536_03.jpg,0.11402431130409241,False
rgb20210409_161506_02.jpg,0.11402431130409241,False
rgb20210409_162626_01.jpg,0.11429176479578018,False
rgb20210409_162252_01.jpg,0.11429176479578018,False
rgb20210409_165548_00.jpg,0.11429176479578018,False
rgb20210409_154736_03.jpg,0.11432784050703049,False
rgb20210410_111204_03.jpg,0.11481098085641861,False
rgb20210409_161700_02.jpg,0.11513020098209381,False
rgb20210409_154257_02.jpg,0.11539765447378159,False
rgb20210410_115025_00.jpg,0.11539765447378159,False
rgb20210409_155946_00.jpg,0.11567607522010803,False
rgb20210409_152843_02.jpg,0.11569647490978241,False
rgb20210409_160354_02.jpg,0.11597489565610886,False
rgb20210410_165407_02.jpg,0.11708078533411026,False
rgb20210409_154824_00.jpg,0.11734352260828018,False
rgb20210409_144825_00.jpg,0.11734823882579803,False
rgb20210409_161332_01.jpg,0.11737961322069168,False
rgb20210409_161327_02.jpg,0.11737961322069168,False
rgb20210410_170447_00.jpg,0.11764705926179886,False
rgb20210409_170620_01.jpg,0.11764705926179886,False
rgb20210409_152207_03.jpg,0.11764705926179886,False
rgb20210409_152600_01.jpg,0.11764705926179886,False
rgb20210410_164757_99985.jpg,0.11764705926179886,False
rgb20210410_164815_02.jpg,0.11764705926179886,False
rgb20210410_163048_03.jpg,0.11764705926179886,False
rgb20210410_114248_00.jpg,0.11791451275348663,False
rgb20210409_152247_03.jpg,0.11791451275348663,False
rgb20210409_160723_11837.jpg,0.11791451275348663,False
rgb20210409_153344_03.jpg,0.11794588714838028,False
rgb20210409_160407_02.jpg,0.11794588714838028,False
rgb20210410_164243_00.jpg,0.11794588714838028,False
rgb20210409_154129_88199.jpg,0.11816627532243729,False
rgb20210410_164746_01.jpg,0.11821333318948746,False
rgb20210409_151056_01.jpg,0.11821333318948746,False
rgb20210410_164811_02.jpg,0.11821333318948746,False
rgb20210409_160540_02.jpg,0.11821333318948746,False
rgb20210409_150954_01.jpg,0.11853255331516266,False
rgb20210409_160616_02.jpg,0.11961803585290909,False
rgb20210409_165746_00.jpg,0.11961803585290909,False
rgb20210409_152226_00.jpg,0.11981333047151566,False
rgb20210409_154813_03.jpg,0.11989647150039673,False
rgb20210409_170021_01.jpg,0.1204831451177597,False
rgb20210409_153434_13031.jpg,0.1204831451177597,False
rgb20210409_152200_02.jpg,0.12100235372781754,False
rgb20210410_165342_783535.jpg,0.12100706249475479,False
rgb20210409_153603_01.jpg,0.12130117416381836,False
rgb20210409_153512_00.jpg,0.12130117416381836,False
rgb20210409_160645_446441.jpg,0.12130117416381836,False
rgb20210409_162549_00.jpg,0.12156862765550613,False
rgb20210410_123001_01.jpg,0.12156862765550613,False
rgb20210409_161650_03.jpg,0.12186744809150696,False
rgb20210409_162446_03.jpg,0.12186744809150696,False
rgb20210409_154657_02.jpg,0.12186744809150696,False
rgb20210409_165558_02.jpg,0.12186744809150696,False
rgb20210410_105235_02.jpg,0.12208784371614456,False
rgb20210410_105737_01.jpg,0.12239138036966324,False
rgb20210409_162733_03.jpg,0.12245412170886993,False
rgb20210409_154120_02.jpg,0.12295765429735184,False
rgb20210409_154619_00.jpg,0.12297333776950836,False
rgb20210409_154110_00.jpg,0.1230047196149826,False
rgb20210409_162601_02.jpg,0.1230047196149826,False
rgb20210409_154043_00.jpg,0.12324079126119614,False
rgb20210410_111754_00.jpg,0.12351921945810318,False
rgb20210409_150018_00.jpg,0.12353961169719696,False
rgb20210409_152040_376281.jpg,0.12373019009828568,False
rgb20210409_163713_01.jpg,0.12440471351146698,False
rgb20210409_163720_03.jpg,0.12440471351146698,False
rgb20210409_141956_00.jpg,0.12519139051437378,False
rgb20210409_164157_914711.jpg,0.12522275745868683,False
rgb20210409_160558_02.jpg,0.12522275745868683,False
rgb20210409_161657_01.jpg,0.125490203499794,False
rgb20210409_154544_00.jpg,0.12575766444206238,False
rgb20210409_152048_00.jpg,0.12575766444206238,False
rgb20210409_154713_01.jpg,0.12578903138637543,False
rgb20210409_162454_130881.jpg,0.12578903138637543,False
rgb20210409_162621_00.jpg,0.12578903138637543,False
rgb20210409_165630_02.jpg,0.12583136558532715,False
rgb20210409_152021_09.jpg,0.12600941956043243,False
rgb20210409_154317_02.jpg,0.1265803873538971,False
rgb20210409_145200_02.jpg,0.1268792301416397,False
rgb20210409_152722_02.jpg,0.12689490616321564,False
rgb20210409_165940_02.jpg,0.12689490616321564,False
rgb20210409_165928_00.jpg,0.12692628800868988,False
rgb20210410_163232_02.jpg,0.12692628800868988,False
rgb20210409_162908_01.jpg,0.12744079530239105,False
rgb20210410_111505_01.jpg,0.1279757022857666,False
rgb20210410_105345_00.jpg,0.1279757022857666,False
rgb20210410_111740_01.jpg,0.12828391790390015,False
rgb20210409_154643_01.jpg,0.12832628190517426,False
rgb20210409_163750_00.jpg,0.12832628190517426,False
rgb20210409_165641_01.jpg,0.12837333977222443,False
rgb20210409_151904_06.jpg,0.1285419762134552,False
rgb20210409_152733_902392.jpg,0.12862510979175568,False
rgb20210410_162910_01.jpg,0.12882980704307556,False
rgb20210410_163120_00.jpg,0.12882980704307556,False
rgb20210409_160750_01.jpg,0.12884549796581268,False
rgb20210409_154021_02.jpg,0.12906117737293243,False
rgb20210410_110458_00.jpg,0.12911294400691986,False
rgb20210409_161503_01.jpg,0.12941177189350128,False
rgb20210409_150934_02.jpg,0.12951450049877167,False
rgb20210410_104653_03.jpg,0.1297105997800827,False
rgb20210409_162751_00.jpg,0.1297105997800827,False
rgb20210409_160943_00.jpg,0.12997804582118988,False
rgb20210409_152936_02.jpg,0.1302345246076584,False
rgb20210409_152933_460058.jpg,0.13028156757354736,False
rgb20210409_154449_00.jpg,0.13084784150123596,False
rgb20210409_153303_01.jpg,0.13084784150123596,False
rgb20210409_150033_02.jpg,0.13084784150123596,False
rgb20210409_150703_01.jpg,0.13084784150123596,False
rgb20210410_114417_02.jpg,0.13115765154361725,False
rgb20210409_150945_03.jpg,0.1313827484846115,False
rgb20210409_145037_00.jpg,0.13188157975673676,False
rgb20210410_170355_00.jpg,0.13192863762378693,False
rgb20210409_165905_01.jpg,0.13224785029888153,False
rgb20210409_152729_01.jpg,0.13224785029888153,False
rgb20210409_154501_03.jpg,0.13246354460716248,False
rgb20210409_150753_00.jpg,0.13276706635951996,False
rgb20210409_154533_03.jpg,0.13276706635951996,False
rgb20210409_145025_02.jpg,0.13276706635951996,False
rgb20210410_162936_03.jpg,0.13277177512645721,False
rgb20210409_170006_03.jpg,0.13303451240062714,False
rgb20210409_151853_01.jpg,0.13303451240062714,False
rgb20210410_162926_02.jpg,0.13306589424610138,False
rgb20210410_162419_219928.jpg,0.13333334028720856,False
rgb20210410_161856_01.jpg,0.13354432582855225,False
rgb20210409_152145_03.jpg,0.13360078632831573,False
rgb20210409_151722_03.jpg,0.13360078632831573,False
rgb20210409_151948_01.jpg,0.13360078632831573,False
rgb20210409_162852_02.jpg,0.13360078632831573,False
rgb20210410_112327_107200.jpg,0.13363216817378998,False
rgb20210409_154426_02.jpg,0.13389961421489716,False
rgb20210409_151938_01.jpg,0.13389961421489716,False
rgb20210409_154408_03.jpg,0.13391530513763428,False
rgb20210409_152718_02.jpg,0.13391530513763428,False
rgb20210409_153445_03.jpg,0.13417178392410278,False
rgb20210409_144946_02.jpg,0.13420315086841583,False
rgb20210409_170208_02.jpg,0.13426588475704193,False
rgb20210409_154434_45161.jpg,0.13454431295394897,False
rgb20210409_145127_00.jpg,0.13473805785179138,False
rgb20210409_155155_01.jpg,0.13508863747119904,False
rgb20210410_105302_03.jpg,0.13551530241966248,False
rgb20210409_145017_00.jpg,0.1366729587316513,False
rgb20210409_153255_02.jpg,0.13698746263980865,False
rgb20210409_163924_36583.jpg,0.13698746263980865,False
rgb20210409_155652_00.jpg,0.13698746263980865,False
rgb20210409_162944_01.jpg,0.13777412474155426,False
rgb20210409_151928_449182.jpg,0.13777412474155426,False
rgb20210409_144934_03.jpg,0.13782119750976562,False
rgb20210409_152608_03.jpg,0.13782119750976562,False
rgb20210409_161805_37857.jpg,0.1381247192621231,False
rgb20210410_110008_00.jpg,0.1389113813638687,False
rgb20210410_105932_00.jpg,0.1389113813638687,False
rgb20210410_162946_02.jpg,0.13892707228660583,False
rgb20210409_155220_03.jpg,0.13922590017318726,False
rgb20210410_111514_01.jpg,0.13922590017318726,False
rgb20210410_111458_02.jpg,0.14021019637584686,False
rgb20210409_153010_851441.jpg,0.14033804833889008,False
rgb20210410_122835_02.jpg,0.1406102031469345,False
rgb20210409_161322_03.jpg,0.14090903103351593,False
rgb20210409_152529_00.jpg,0.1411764770746231,False
rgb20210410_111436_02.jpg,0.1411764770746231,False
rgb20210410_123704_00.jpg,0.1411764770746231,False
rgb20210409_144957_01.jpg,0.14147530496120453,False
rgb20210410_123720_01.jpg,0.1417427510023117,False
rgb20210409_142011_02.jpg,0.1422102153301239,False
rgb20210410_105308_01.jpg,0.142832949757576,False
rgb20210409_142000_01.jpg,0.14304393529891968,False
rgb20210409_163702_00.jpg,0.14319922029972076,False
rgb20210410_105156_00.jpg,0.1436619758605957,False
rgb20210410_104531_00.jpg,0.1436619758605957,False
rgb20210409_142026_03.jpg,0.14472708106040955,False
rgb20210410_110720_00.jpg,0.14479923248291016,False
rgb20210410_163824_02.jpg,0.1448305994272232,False
rgb20210409_155259_03.jpg,0.14488235116004944,False
rgb20210409_141947_04.jpg,0.1450509876012802,False
rgb20210409_161454_129747.jpg,0.14536550641059875,False
rgb20210409_163709_01.jpg,0.14650274813175201,False
rgb20210409_161338_394154.jpg,0.14758354425430298,False
rgb20210409_161307_02.jpg,0.14764000475406647,False
rgb20210410_161755_00.jpg,0.14845333993434906,False
rgb20210410_162748_01.jpg,0.14901961386203766,False
rgb20210410_111913_02.jpg,0.14958588778972626,False
rgb20210409_152952_03.jpg,0.14958588778972626,False
rgb20210410_104627_61732.jpg,0.15040862560272217,False
rgb20210409_170031_02.jpg,0.15047137439250946,False
rgb20210410_111804_02.jpg,0.15069176256656647,False
rgb20210409_165614_131341.jpg,0.1509702056646347,False
rgb20210410_114639_00.jpg,0.1523592174053192,False
rgb20210409_160439_03.jpg,0.15294118225574493,False
rgb20210409_144921_02.jpg,0.15294118225574493,False
rgb20210410_162229_00.jpg,0.15294118225574493,False
rgb20210410_162142_583301.jpg,0.15294118225574493,False
rgb20210410_122201_03.jpg,0.1532086282968521,False
rgb20210410_162212_02.jpg,0.1532086282968521,False
rgb20210410_122818_02.jpg,0.1532086282968521,False
rgb20210409_150519_00.jpg,0.15350745618343353,False
rgb20210410_110025_01.jpg,0.15376393496990204,False
rgb20210409_161815_03.jpg,0.1543772667646408,False
rgb20210409_152009_03.jpg,0.15461334586143494,False
rgb20210410_162538_00.jpg,0.15491217374801636,False
rgb20210410_114453_00.jpg,0.1554737240076065,False
rgb20210410_104635_02.jpg,0.1562604010105133,False
rgb20210410_162244_02.jpg,0.1562964767217636,False
rgb20210409_164212_02.jpg,0.1568627506494522,False
rgb20210409_153533_00.jpg,0.15737256407737732,False
rgb20210409_144530_00.jpg,0.15794825553894043,False
rgb20210410_114220_03.jpg,0.1585192233324051,False
rgb20210409_161442_03.jpg,0.1593482494354248,False
rgb20210409_150235_363239.jpg,0.15965647995471954,False
rgb20210410_161745_02.jpg,0.1596941202878952,False
rgb20210410_161705_00.jpg,0.16078431904315948,False
rgb20210410_161733_00.jpg,0.16078431904315948,False
rgb20210409_142936_02.jpg,0.16100472211837769,False
rgb20210409_161428_01.jpg,0.1616698056459427,False
rgb20210410_122059_00.jpg,0.1624564826488495,False
rgb20210410_104352_02.jpg,0.16326981782913208,False
rgb20210409_144545_00.jpg,0.16362039744853973,False
rgb20210409_145228_01.jpg,0.16362039744853973,False
rgb20210410_111727_02.jpg,0.16382980346679688,False
rgb20210410_162317_01.jpg,0.16413961350917816,False
rgb20210410_161714_02.jpg,0.16443844139575958,False
rgb20210409_141758_00.jpg,0.1646588295698166,False
rgb20210409_162838_01.jpg,0.16497333347797394,False
rgb20210409_144810_312314.jpg,0.16527216136455536,False
rgb20210410_123652_01.jpg,0.16527216136455536,False
rgb20210409_155814_01.jpg,0.16530823707580566,False
rgb20210409_153454_02.jpg,0.16559137403964996,False
rgb20210410_114855_02.jpg,0.1657913774251938,False
rgb20210410_163437_02.jpg,0.16615764796733856,False
rgb20210410_123756_01.jpg,0.16636236011981964,False
rgb20210410_162346_01.jpg,0.1666564792394638,False
rgb20210410_162556_03.jpg,0.166676864027977,False
rgb20210409_144111_01.jpg,0.16676001250743866,False
rgb20210410_104406_02.jpg,0.1669333428144455,False
rgb20210409_162928_02.jpg,0.16719138622283936,False
rgb20210410_162553_02.jpg,0.16775766015052795,False
rgb20210409_153450_03.jpg,0.16775766015052795,False
rgb20210409_161433_01.jpg,0.16787686944007874,False
rgb20210410_162051_03.jpg,0.16806118190288544,False
rgb20210410_162654_01.jpg,0.16806118190288544,False
rgb20210410_163425_02.jpg,0.16835999488830566,False
rgb20210409_142843_01.jpg,0.1688949018716812,False
rgb20210410_110039_01.jpg,0.16892626881599426,False
rgb20210409_144218_03.jpg,0.16897805035114288,False
rgb20210410_122127_00.jpg,0.16919372975826263,False
rgb20210409_152941_00.jpg,0.16920940577983856,False
rgb20210410_161950_657658.jpg,0.16922980546951294,False
rgb20210410_161948_01.jpg,0.16941411793231964,False
rgb20210409_155826_02.jpg,0.16946589946746826,False
rgb20210409_161405_01.jpg,0.16951294243335724,False
rgb20210409_144556_00.jpg,0.16951294243335724,False
rgb20210410_104412_01.jpg,0.16971294581890106,False
rgb20210409_161346_02.jpg,0.17001648247241974,False
rgb20210409_144605_248.jpg,0.17007921636104584,False
rgb20210409_150248_07.jpg,0.17029961943626404,False
rgb20210410_112437_01.jpg,0.17059844732284546,False
rgb20210409_142952_00.jpg,0.17085491120815277,False
rgb20210409_161445_02.jpg,0.17198745906352997,False
rgb20210409_170413_00.jpg,0.17202980816364288,False
rgb20210410_123743_01.jpg,0.17224548757076263,False
rgb20210410_104712_02.jpg,0.17228157818317413,False
rgb20210409_150438_01.jpg,0.17228157818317413,False
rgb20210409_144448_00.jpg,0.17233332991600037,False
rgb20210410_161919_506322.jpg,0.17250198125839233,False
rgb20210410_162113_00.jpg,0.1725490242242813,False
rgb20210409_152948_02.jpg,0.1725490242242813,False
rgb20210409_154355_01.jpg,0.17259608209133148,False
rgb20210410_114953_02.jpg,0.17274431884288788,False
rgb20210410_104353_02.jpg,0.17276471853256226,False
rgb20210410_162026_00.jpg,0.1727694272994995,False
rgb20210409_151841_01.jpg,0.17281648516654968,False
rgb20210409_153022_01.jpg,0.17284785211086273,False
rgb20210410_162604_00.jpg,0.17284785211086273,False
rgb20210409_170429_02.jpg,0.1728525459766388,False
rgb20210409_155305_02.jpg,0.17292000353336334,False
rgb20210409_142601_01.jpg,0.17393803596496582,False
rgb20210410_105920_02.jpg,0.173985093832016,False
rgb20210409_144609_664993.jpg,0.1740007847547531,False
rgb20210410_162632_00.jpg,0.17452000081539154,False
rgb20210410_114947_00.jpg,0.17452000081539154,False
rgb20210409_152315_03.jpg,0.1750345230102539,False
rgb20210409_150124_00.jpg,0.17506588995456696,False
rgb20210409_170520_03.jpg,0.1756839156150818,False
rgb20210410_160356_03.jpg,0.17570902407169342,False
rgb20210409_144655_03.jpg,0.17595137655735016,False
rgb20210409_144742_00.jpg,0.17599841952323914,False
rgb20210409_155711_00.jpg,0.1761411875486374,False
rgb20210410_104440_01.jpg,0.17617176473140717,False
rgb20210410_104612_01.jpg,0.17620313167572021,False
rgb20210409_155830_02.jpg,0.17620313167572021,False
rgb20210410_112539_02.jpg,0.1764705926179886,False
rgb20210410_111853_01.jpg,0.1764705926179886,False
rgb20210409_150325_03.jpg,0.1764705926179886,False
rgb20210410_162831_00.jpg,0.17673803865909576,False
rgb20210409_162828_03.jpg,0.1768721640110016,False
rgb20210409_150314_00.jpg,0.17703686654567719,False
rgb20210409_170511_01.jpg,0.17703686654567719,False
rgb20210409_150336_02.jpg,0.17703686654567719,False
rgb20210409_153153_00.jpg,0.17703686654567719,False
rgb20210410_110705_654728.jpg,0.1778596192598343,False
rgb20210409_144358_00.jpg,0.17787529528141022,False
rgb20210409_144408_00.jpg,0.17790666222572327,False
rgb20210410_104833_01.jpg,0.1786462813615799,False
rgb20210409_161358_01.jpg,0.1786525547504425,False
rgb20210409_141744_471703.jpg,0.17866197228431702,False
rgb20210410_112556_02.jpg,0.1789655089378357,False
rgb20210410_104700_01.jpg,0.17950665950775146,False
rgb20210410_163447_00.jpg,0.17960548400878906,False
rgb20210410_111657_00.jpg,0.17982588708400726,False
rgb20210410_105320_313949.jpg,0.18009333312511444,False
rgb20210410_105027_01.jpg,0.18065960705280304,False
rgb20210409_142834_02.jpg,0.18065960705280304,False
rgb20210409_141920_03.jpg,0.18065960705280304,False
rgb20210409_162834_00.jpg,0.18069098889827728,False
rgb20210410_160346_625770.jpg,0.18117883801460266,False
rgb20210410_162641_03.jpg,0.18126197159290314,False
rgb20210409_150054_01.jpg,0.18126197159290314,False
rgb20210410_104831_00.jpg,0.18136471509933472,False
rgb20210409_153132_00.jpg,0.18182824552059174,False
rgb20210410_160321_01.jpg,0.18204864859580994,False
rgb20210410_160305_00.jpg,0.18210040032863617,False
rgb20210409_152626_00.jpg,0.1823427528142929,False
rgb20210410_104553_250850.jpg,0.18236315250396729,False
rgb20210409_150254_03.jpg,0.18236315250396729,False
rgb20210409_142827_37.jpg,0.18241490423679352,False
rgb20210410_160322_01.jpg,0.1825835406780243,False
rgb20210409_160150_01.jpg,0.1833968609571457,False
rgb20210410_163458_02.jpg,0.18404628336429596,False
rgb20210409_150259_00.jpg,0.18431374430656433,False
rgb20210409_153150_02.jpg,0.18431374430656433,False
rgb20210410_115754_02.jpg,0.18431374430656433,False
rgb20210410_123810_03.jpg,0.18431374430656433,False
rgb20210409_144500_477118.jpg,0.18440628051757812,False
rgb20210410_113252_02.jpg,0.1845811903476715,False
rgb20210410_105037_00.jpg,0.1845811903476715,False
rgb20210409_140502_03.jpg,0.18461255729198456,False
rgb20210410_163140_00.jpg,0.18483294546604156,False
rgb20210410_111616_00.jpg,0.18483765423297882,False
rgb20210409_153223_03.jpg,0.18518352508544922,False
rgb20210409_150433_03.jpg,0.18518352508544922,False
rgb20210409_142701_03.jpg,0.18518352508544922,False
rgb20210410_111131_00.jpg,0.18523451685905457,False
rgb20210410_111707_02.jpg,0.18544550240039825,False
rgb20210410_104852_00.jpg,0.18592314422130585,False
rgb20210409_152633_02.jpg,0.18626432120800018,False
rgb20210410_123856_03.jpg,0.18628470599651337,False
rgb20210410_110648_02.jpg,0.1867835372686386,False
rgb20210410_112657_03.jpg,0.18679922819137573,False
rgb20210410_161627_05.jpg,0.1871592253446579,False
rgb20210410_105057_01.jpg,0.18737490475177765,False
rgb20210410_163412_02.jpg,0.18771608173847198,False
rgb20210409_153215_02.jpg,0.18796785175800323,False
rgb20210410_104540_02.jpg,0.18818823993206024,False
rgb20210409_153250_01.jpg,0.1882352977991104,False
rgb20210409_144439_03.jpg,0.1882352977991104,False
rgb20210409_153218_00.jpg,0.1882352977991104,False
rgb20210410_155849_00.jpg,0.1882352977991104,False
rgb20210409_153230_00.jpg,0.1882352977991104,False
rgb20210410_104253_02.jpg,0.18875451385974884,False
rgb20210410_123815_02.jpg,0.18877962231636047,False
rgb20210409_153128_02.jpg,0.188801571726799,False
rgb20210409_153041_862884.jpg,0.188801571726799,False
rgb20210410_155859_03.jpg,0.188801571726799,False
rgb20210409_153101_00.jpg,0.188801571726799,False
rgb20210410_113840_01.jpg,0.18905805051326752,False
rgb20210409_144429_01.jpg,0.1891051083803177,False
rgb20210409_170554_02.jpg,0.1896713823080063,False
rgb20210410_160933_00.jpg,0.18969647586345673,False
rgb20210409_154352_00.jpg,0.18990746140480042,False
rgb20210409_140503_00.jpg,0.19014354050159454,False
rgb20210410_104854_632244.jpg,0.19014354050159454,False
rgb20210410_161832_02.jpg,0.19020627439022064,False
rgb20210409_153035_00.jpg,0.19048470258712769,False
rgb20210410_104128_203446.jpg,0.1907051056623459,False
rgb20210410_113901_00.jpg,0.19072078168392181,False
rgb20210410_104139_01.jpg,0.1912870556116104,False
rgb20210410_104138_00.jpg,0.1912870556116104,False
rgb20210410_113752_00.jpg,0.19159531593322754,False
rgb20210409_150116_184975.jpg,0.19163765013217926,False
rgb20210410_113828_02.jpg,0.19185805320739746,False
rgb20210409_150554_00.jpg,0.1918894201517105,False
rgb20210409_170442_01.jpg,0.1918894201517105,False
rgb20210409_150422_62882.jpg,0.1918894201517105,False
rgb20210409_143023_409071.jpg,0.1921662837266922,False
rgb20210410_105142_00.jpg,0.19242432713508606,False
rgb20210410_104313_00.jpg,0.19242432713508606,False
rgb20210410_104303_02.jpg,0.19242432713508606,False
rgb20210409_150448_01.jpg,0.1924556940793991,False
rgb20210409_150353_00.jpg,0.1924556940793991,False
rgb20210409_150606_00.jpg,0.1924556940793991,False
rgb20210410_113746_01.jpg,0.19267608225345612,False
rgb20210409_150508_01.jpg,0.1927388310432434,False
rgb20210410_104301_01.jpg,0.1929435282945633,False
rgb20210409_170542_00.jpg,0.19302667677402496,False
rgb20210410_111538_01.jpg,0.19302667677402496,False
rgb20210409_150351_01.jpg,0.19302667677402496,False
rgb20210410_104415_00.jpg,0.19410745799541473,False
rgb20210410_104059_00.jpg,0.19410745799541473,False
rgb20210410_104517_00.jpg,0.19410745799541473,False
rgb20210410_104219_00.jpg,0.1946423500776291,False
rgb20210409_162933_01.jpg,0.1946423500776291,False
rgb20210410_110538_00.jpg,0.19499295949935913,False
rgb20210410_114818_00.jpg,0.19499295949935913,False
rgb20210410_110443_03.jpg,0.1952086240053177,False
rgb20210410_104224_03.jpg,0.1952086240053177,False
rgb20210410_115449_00.jpg,0.19547608494758606,False
rgb20210410_114313_01.jpg,0.19551216065883636,False
rgb20210410_104110_01.jpg,0.19551216065883636,False
rgb20210409_150223_00.jpg,0.19551216065883636,False
rgb20210410_111545_01.jpg,0.19577962160110474,False
rgb20210410_160216_02.jpg,0.196031391620636,False
rgb20210410_110558_00.jpg,0.19607843458652496,False
rgb20210410_161448_00.jpg,0.19607843458652496,False
rgb20210410_114022_01.jpg,0.19629883766174316,False
rgb20210410_114910_00.jpg,0.19634589552879333,False
rgb20210410_111605_00.jpg,0.19634589552879333,False
rgb20210410_113729_02.jpg,0.19634589552879333,False
rgb20210409_150642_01.jpg,0.19637726247310638,False
rgb20210409_150628_02.jpg,0.19637726247310638,False
rgb20210410_113719_03.jpg,0.19686511158943176,False
rgb20210410_104917_01.jpg,0.19748863577842712,False
rgb20210410_113949_01.jpg,0.19856393337249756,False
rgb20210409_151039_227721.jpg,0.19913020730018616,False
rgb20210410_114057_01.jpg,0.19913020730018616,False
rgb20210410_114048_01.jpg,0.19941803812980652,False
rgb20210409_150544_07.jpg,0.19973254203796387,False
rgb20210410_114032_02.jpg,0.20026744902133942,False
rgb20210410_114342_59384.jpg,0.20026744902133942,False
rgb20210410_114712_00.jpg,0.20026744902133942,False
rgb20210410_160946_02.jpg,0.20026744902133942,False
rgb20210410_110415_00.jpg,0.20026744902133942,False
rgb20210410_115054_01.jpg,0.20026744902133942,False
rgb20210409_150618_895005.jpg,0.20029881596565247,False
rgb20210409_150528_03.jpg,0.20029881596565247,False
rgb20210410_160529_00.jpg,0.20051921904087067,False
rgb20210409_154334_02.jpg,0.20108549296855927,False
rgb20210409_154328_02.jpg,0.20167216658592224,False
rgb20210410_104708_121799.jpg,0.20195059478282928,False
rgb20210409_152640_03.jpg,0.20195059478282928,False
rgb20210410_104044_01.jpg,0.20248548686504364,False
rgb20210410_114206_01.jpg,0.20248548686504364,False
rgb20210410_110405_158750.jpg,0.20248548686504364,False
rgb20210409_155441_02.jpg,0.2028360813856125,False
rgb20210410_113148_184497.jpg,0.20305176079273224,False
rgb20210410_114754_02.jpg,0.20305176079273224,False
rgb20210410_113933_01.jpg,0.20305176079273224,False
rgb20210410_114108_02.jpg,0.2033192217350006,False
rgb20210410_111720_01.jpg,0.20335529744625092,False
rgb20210409_142716_03.jpg,0.20357099175453186,False
rgb20210409_144510_02.jpg,0.20365412533283234,False
rgb20210410_123053_00.jpg,0.20386511087417603,False
rgb20210410_105358_615827.jpg,0.2041890174150467,False
rgb20210410_115042_335713.jpg,0.2041890174150467,False
rgb20210410_114404_02.jpg,0.2041890174150467,False
rgb20210410_105130_496388.jpg,0.20444078743457794,False
rgb20210410_160607_02.jpg,0.2044878453016281,False
rgb20210409_155535_00.jpg,0.20452392101287842,False
rgb20210409_155618_00.jpg,0.20537333190441132,False
rgb20210410_114803_01.jpg,0.20589254796504974,False
rgb20210410_113308_02.jpg,0.20611293613910675,False
rgb20210410_114829_01.jpg,0.2064070701599121,False
rgb20210409_141750_03.jpg,0.2064070701599121,False
rgb20210410_110242_03.jpg,0.2064070701599121,False
rgb20210409_142345_01.jpg,0.2069670706987381,False
rgb20210410_114700_01.jpg,0.2069733440876007,False
rgb20210410_113928_02.jpg,0.20754431188106537,False
rgb20210410_115107_01.jpg,0.20754431188106537,False
rgb20210410_161516_02.jpg,0.20757567882537842,False
rgb20210409_140439_00.jpg,0.20789019763469696,False
rgb20210410_112926_02.jpg,0.20811058580875397,False
rgb20210409_155545_02.jpg,0.20814195275306702,False
rgb20210409_141519_00.jpg,0.20872862637043,False
rgb20210410_160714_01.jpg,0.20927920937538147,False
rgb20210409_142113_00.jpg,0.2095513790845871,False
rgb20210410_105114_01.jpg,0.20979371666908264,False
rgb20210410_113157_02.jpg,0.20979371666908264,False
rgb20210410_123625_02.jpg,0.20979371666908264,False
rgb20210410_122023_00.jpg,0.2100188285112381,False
rgb20210410_115124_00.jpg,0.2103286236524582,False
rgb20210410_113911_01.jpg,0.2103286236524582,False
rgb20210410_113710_00.jpg,0.2103286236524582,False
rgb20210410_111320_00.jpg,0.21035999059677124,False
rgb20210409_161318_00.jpg,0.21067921817302704,False
rgb20210410_112946_01.jpg,0.2108948975801468,False
rgb20210410_111353_01.jpg,0.21118274331092834,False
rgb20210410_114329_00.jpg,0.21146588027477264,False
rgb20210410_163346_00.jpg,0.2114972621202469,False
rgb20210410_161412_02.jpg,0.21176470816135406,False
rgb20210410_112015_02.jpg,0.21203215420246124,False
rgb20210409_142731_01.jpg,0.21203215420246124,False
rgb20210410_104337_02.jpg,0.21203215420246124,False
rgb20210410_122733_01.jpg,0.21203215420246124,False
rgb20210409_155721_00.jpg,0.21233098208904266,False
rgb20210409_141042_01.jpg,0.21233098208904266,False
rgb20210410_110159_01.jpg,0.21315373480319977,False
rgb20210409_140447_04.jpg,0.21363215148448944,False
rgb20210410_110148_02.jpg,0.2137356847524643,False
rgb20210410_114740_00.jpg,0.21425020694732666,False
rgb20210410_123615_01.jpg,0.2145584225654602,False
rgb20210410_123600_00.jpg,0.2147788256406784,False
rgb20210410_111636_26965.jpg,0.21481648087501526,False
rgb20210410_113327_05.jpg,0.21481648087501526,False
rgb20210410_110334_00.jpg,0.21481648087501526,False
rgb20210410_111640_02.jpg,0.215058833360672,False
rgb20210410_110350_02.jpg,0.21532000601291656,False
rgb20210410_121954_01.jpg,0.2153874635696411,False
rgb20210410_163331_00.jpg,0.21541883051395416,False
rgb20210410_113100_00.jpg,0.21562354266643524,False
rgb20210410_155912_02.jpg,0.21568627655506134,False
rgb20210409_145302_01.jpg,0.21569569408893585,False
rgb20210410_104503_00.jpg,0.2159537374973297,False
rgb20210410_113119_02.jpg,0.2159537374973297,False
rgb20210410_120219_01.jpg,0.2159537374973297,False
rgb20210410_163320_02.jpg,0.21598510444164276,False
rgb20210410_110138_02.jpg,0.21628862619400024,False
rgb20210410_160437_03.jpg,0.21713803708553314,False
rgb20210410_111346_02.jpg,0.2176368683576584,False
rgb20210409_144028_02.jpg,0.2176368683576584,False
rgb20210410_104456_02.jpg,0.2176368683576584,False
rgb20210409_155520_02.jpg,0.21765725314617157,False
rgb20210410_110123_03.jpg,0.21785254776477814,False
rgb20210410_110113_01.jpg,0.21816550195217133,False
rgb20210410_111950_01.jpg,0.21817177534103394,False
rgb20210410_114152_493479.jpg,0.21817177534103394,False
rgb20210410_122232_02.jpg,0.21817177534103394,False
rgb20210410_122216_02.jpg,0.21817177534103394,False
rgb20210410_104927_00.jpg,0.21817177534103394,False
rgb20210410_111231_00.jpg,0.21866588294506073,False
rgb20210409_142457_02.jpg,0.21873177587985992,False
rgb20210410_112049_01.jpg,0.21873804926872253,False
rgb20210410_113139_00.jpg,0.2193090170621872,False
rgb20210409_145252_03.jpg,0.21934038400650024,False
rgb20210410_113010_02.jpg,0.21956078708171844,False
rgb20210410_110316_00.jpg,0.21960784494876862,False
rgb20210410_113046_01.jpg,0.2198752909898758,False
rgb20210409_153400_03.jpg,0.22017411887645721,False
rgb20210410_112919_01.jpg,0.22068864107131958,False
rgb20210410_114840_02.jpg,0.22099687159061432,False
rgb20210409_145320_03.jpg,0.2210439294576645,False
rgb20210410_115131_02.jpg,0.2220776528120041,False
rgb20210410_114137_01.jpg,0.22209332883358002,False
rgb20210409_141729_02.jpg,0.22265960276126862,False
rgb20210409_145336_03.jpg,0.22266902029514313,False
rgb20210410_110917_02.jpg,0.22323060035705566,False
rgb20210410_160851_00.jpg,0.2232619673013687,False
rgb20210409_170040_744193.jpg,0.2232619673013687,False
rgb20210409_143049_02.jpg,0.2232619673013687,False
rgb20210409_145328_40.jpg,0.22331371903419495,False
rgb20210409_150130_01.jpg,0.2235294133424759,False
rgb20210410_113131_00.jpg,0.22379687428474426,False
rgb20210409_143100_793844.jpg,0.2238282412290573,False
rgb20210410_161215_03.jpg,0.2240956872701645,False
rgb20210410_120215_03.jpg,0.2252015620470047,False
rgb20210410_121925_65123.jpg,0.22572077810764313,False
rgb20210410_112904_00.jpg,0.2265811711549759,False
rgb20210410_111823_03.jpg,0.2265811711549759,False
rgb20210409_145344_01.jpg,0.2265811711549759,False
rgb20210410_113659_02.jpg,0.2265811711549759,False
rgb20210410_113648_993823.jpg,0.22684863209724426,False
rgb20210410_104728_01.jpg,0.22686901688575745,False
rgb20210410_111011_02.jpg,0.22715215384960175,False
rgb20210410_122743_01.jpg,0.22771842777729034,False
rgb20210409_141301_02.jpg,0.22771842777729034,False
rgb20210410_112955_534345.jpg,0.2279701828956604,False
rgb20210410_161139_00.jpg,0.22801725566387177,False
rgb20210410_104422_01.jpg,0.22801725566387177,False
rgb20210410_104815_02.jpg,0.22853176295757294,False
rgb20210409_142232_00.jpg,0.22940155863761902,False
rgb20210409_140357_202254.jpg,0.2296125441789627,False
rgb20210410_115609_03.jpg,0.22993646562099457,False
rgb20210409_155731_01.jpg,0.23021019995212555,False
rgb20210409_140412_04.jpg,0.23028706014156342,False
rgb20210409_140422_01.jpg,0.23079058527946472,False
rgb20210409_160225_06.jpg,0.23138195276260376,False
rgb20210409_143110_12.jpg,0.23167136311531067,False
rgb20210409_140341_03.jpg,0.23167136311531067,False
rgb20210409_155451_00.jpg,0.23193882405757904,False
rgb20210410_160411_01.jpg,0.23193882405757904,False
rgb20210409_155500_01.jpg,0.23193882405757904,False
rgb20210409_161001_02.jpg,0.23221099376678467,False
rgb20210409_160838_15008.jpg,0.23297254741191864,False
rgb20210410_161014_01.jpg,0.2333231419324875,False
rgb20210410_111935_02.jpg,0.23358431458473206,False
rgb20210409_140559_03.jpg,0.2338329404592514,False
rgb20210410_123435_01.jpg,0.23385803401470184,False
rgb20210409_142807_01.jpg,0.23385803401470184,False
rgb20210410_122711_02.jpg,0.23385803401470184,False
rgb20210410_110529_00.jpg,0.23385803401470184,False
rgb20210409_155424_00.jpg,0.2338894158601761,False
rgb20210410_122704_00.jpg,0.23442430794239044,False
rgb20210410_155927_01.jpg,0.23472784459590912,False
rgb20210409_170143_01.jpg,0.2347749024629593,False
rgb20210409_160239_01.jpg,0.2347749024629593,False
rgb20210410_115931_07.jpg,0.2349952906370163,False
rgb20210410_115945_00.jpg,0.2349952906370163,False
rgb20210409_153410_03.jpg,0.23529411852359772,False
rgb20210410_120015_02.jpg,0.23550981283187866,False
rgb20210410_161813_00.jpg,0.23559294641017914,False
rgb20210409_154744_696690.jpg,0.23589646816253662,False
rgb20210410_122313_03.jpg,0.23602430522441864,False
rgb20210410_160236_02.jpg,0.23637960851192474,False
rgb20210410_161428_01.jpg,0.23669882118701935,False
rgb20210410_155941_00.jpg,0.23748548328876495,False
rgb20210410_111059_02.jpg,0.2377796173095703,False
rgb20210409_142240_02.jpg,0.2377796173095703,False
rgb20210410_122330_01.jpg,0.2377796173095703,False
rgb20210410_110801_01.jpg,0.2377796173095703,False
rgb20210409_141250_03.jpg,0.2383458912372589,False
rgb20210410_104805_00.jpg,0.2383458912372589,False
rgb20210410_123523_03.jpg,0.2386133372783661,False
rgb20210410_160757_01.jpg,0.2386493980884552,False
rgb20210409_140538_02.jpg,0.23876863718032837,False
rgb20210410_160737_02.jpg,0.2392156720161438,False
rgb20210409_141254_01.jpg,0.23948313295841217,False
rgb20210409_162017_01.jpg,0.23951449990272522,False
rgb20210409_142316_01.jpg,0.24013254046440125,False
rgb20210409_141700_01.jpg,0.24030117690563202,False
rgb20210409_140821_02.jpg,0.24030117690563202,False
rgb20210410_104942_02.jpg,0.24034352600574493,False
rgb20210410_114119_01.jpg,0.2411145120859146,False
rgb20210409_141905_01.jpg,0.24116626381874084,False
rgb20210410_122408_01.jpg,0.2417011708021164,False
rgb20210409_142338_02.jpg,0.24201412498950958,False
rgb20210409_145241_00.jpg,0.24235451221466064,False
rgb20210409_144336_02.jpg,0.24313725531101227,False
rgb20210409_161948_00.jpg,0.24350354075431824,False
rgb20210410_122345_170528.jpg,0.24366118013858795,False
rgb20210410_123058_01.jpg,0.2442227452993393,False
rgb20210410_155958_02.jpg,0.24508784711360931,False
rgb20210410_160141_01.jpg,0.24508784711360931,False
rgb20210409_155350_02.jpg,0.24538666009902954,False
rgb20210409_162010_01.jpg,0.24545413255691528,False
rgb20210409_162004_02.jpg,0.2457168698310852,False
rgb20210409_160232_01.jpg,0.24578826129436493,False
rgb20210410_112102_00.jpg,0.2461419701576233,False
rgb20210409_141242_328619.jpg,0.2462203949689865,False
rgb20210409_141318_969634.jpg,0.24647687375545502,False
rgb20210410_115304_02.jpg,0.24669255316257477,False
rgb20210410_161112_715711.jpg,0.24705882370471954,False
rgb20210409_161843_17921.jpg,0.24712157249450684,False
rgb20210409_162008_00.jpg,0.24735765159130096,False
rgb20210409_141136_03.jpg,0.2490094155073166,False
rgb20210410_111143_00.jpg,0.24954432249069214,False
rgb20210410_160104_03.jpg,0.2495756894350052,False
rgb20210409_141052_01.jpg,0.25061413645744324,False
rgb20210409_141541_03.jpg,0.25127923488616943,False
rgb20210410_123347_00.jpg,0.25150901079177856,False
rgb20210409_140550_00.jpg,0.2524415850639343,False
rgb20210410_110102_00.jpg,0.2527357041835785,False
rgb20210410_163159_00.jpg,0.25293099880218506,False
rgb20210409_161939_02.jpg,0.25300315022468567,False
rgb20210409_141312_00.jpg,0.2530345320701599,False
rgb20210410_122547_01.jpg,0.2534658908843994,False
rgb20210410_110739_00.jpg,0.25349727272987366,False
rgb20210409_140635_03.jpg,0.2540164887905121,False
rgb20210409_144751_58.jpg,0.25406354665756226,False
rgb20210410_160913_00.jpg,0.2543357014656067,False
rgb20210410_115338_00.jpg,0.25454509258270264,False
rgb20210410_115250_02.jpg,0.2546345293521881,False
rgb20210409_144056_02.jpg,0.2549019753932953,False
rgb20210409_142547_01.jpg,0.2549019753932953,False
rgb20210409_160825_03.jpg,0.25511765480041504,False
rgb20210409_141601_01.jpg,0.25516942143440247,False
rgb20210409_161917_213594.jpg,0.25525256991386414,False
rgb20210409_141154_02.jpg,0.2554682493209839,False
rgb20210409_170119_02.jpg,0.255504310131073,False
rgb20210409_140714_03.jpg,0.2559874653816223,False
rgb20210409_161928_01.jpg,0.256291002035141,False
rgb20210409_142417_03.jpg,0.25633805990219116,False
rgb20210410_115321_03.jpg,0.25685256719589233,False
rgb20210410_115357_02.jpg,0.2573874592781067,False
rgb20210409_141711_00.jpg,0.25793805718421936,False
rgb20210409_141219_03.jpg,0.2579537332057953,False
rgb20210409_160804_01.jpg,0.25822117924690247,False
rgb20210410_115411_00.jpg,0.25822117924690247,False
rgb20210409_140704_419843.jpg,0.25822117924690247,False
rgb20210410_104953_02.jpg,0.25827765464782715,False
rgb20210409_144257_02.jpg,0.25882354378700256,False
rgb20210410_115425_248843.jpg,0.25909098982810974,False
rgb20210409_140639_00.jpg,0.26130902767181396,False
rgb20210409_161857_03.jpg,0.26166433095932007,False
rgb20210410_105005_01.jpg,0.26187530159950256,False
rgb20210409_141648_01.jpg,0.2623882293701172,False
rgb20210409_142308_00.jpg,0.26304394006729126,False
rgb20210409_170050_01.jpg,0.26304394006729126,False
rgb20210410_163209_02.jpg,0.2646957039833069,False
rgb20210409_160816_00.jpg,0.26491138339042664,False
rgb20210409_141610_01.jpg,0.26579686999320984,False
rgb20210409_140533_01.jpg,0.26639923453330994,False
rgb20210409_140734_00.jpg,0.26662904024124146,False
rgb20210410_122641_02.jpg,0.2677474617958069,False
rgb20210410_104754_01.jpg,0.26775217056274414,False
rgb20210410_111028_02.jpg,0.26775217056274414,False
rgb20210409_141115_01.jpg,0.26861727237701416,False
rgb20210409_142251_00.jpg,0.26974982023239136,False
rgb20210409_141621_03.jpg,0.2699858844280243,False
rgb20210410_163216_03.jpg,0.2705882489681244,False
rgb20210409_140605_03.jpg,0.2716737389564514,False
rgb20210410_122448_00.jpg,0.2720800042152405,False
rgb20210410_122537_342944.jpg,0.27362433075904846,False
rgb20210410_111304_01.jpg,0.27390748262405396,False
rgb20210410_122435_02.jpg,0.2755953073501587,False
rgb20210410_160158_01.jpg,0.27588942646980286,False
rgb20210410_111242_02.jpg,0.2769796550273895,False
rgb20210409_142511_01.jpg,0.2802470922470093,False
rgb20210409_142355_03.jpg,0.2809482514858246,False
rgb20210410_112134_773518.jpg,0.2854047119617462,False
rgb20210409_141637_24.jpg,0.2856721580028534,False
rgb20210409_141444_02.jpg,0.2868407964706421,False
rgb20210409_141853_00.jpg,0.2870611846446991,False
rgb20210410_112148_02.jpg,0.28822511434555054,False
rgb20210409_153416_02.jpg,0.28822511434555054,False
rgb20210410_115207_02.jpg,0.28931060433387756,False
rgb20210409_162023_02.jpg,0.29135844111442566,False
rgb20210410_123459_01.jpg,0.29268157482147217,False
rgb20210409_141338_00.jpg,0.29381412267684937,False
rgb20210409_140648_03.jpg,0.29628393054008484,False
rgb20210410_112150_00.jpg,0.29716944694519043,False
rgb20210409_140839_01.jpg,0.2979670763015747,False
rgb20210410_115202_03.jpg,0.29993805289268494,False
rgb20210409_141529_00.jpg,0.30053409934043884,False
rgb20210410_110304_02.jpg,0.3010753095149994,False
rgb20210409_141417_03.jpg,0.30893412232398987,False
rgb20210410_123508_01.jpg,0.3100713789463043,False
rgb20210409_141420_02.jpg,0.31567609310150146,False
rgb20210410_112227_00.jpg,0.3170807957649231,False
rgb20210410_114003_01.jpg,0.32373490929603577,False
rgb20210409_140940_02.jpg,0.35313647985458374,False
rgb20210409_140912_00.jpg,0.3531568646430969,False
rgb20210409_141021_00.jpg,0.35510745644569397,False
rgb20210409_170059_03.jpg,0.3602180480957031,False
rgb20210409_140858_93203.jpg,0.36490118503570557,False
rgb20210410_104745_445140.jpg,0.3848956823348999,False
rgb20210410_112445_496934.jpg,0.3857654929161072,False
rgb20210409_140614_00.jpg,0.4040651023387909,False
rgb20210409_170134_02.jpg,0.4381301999092102,False
rgb20210410_103941_132588.jpg,0.4679161012172699,False
rgb20210409_141822_385409.jpg,0.47612863779067993,False
rgb20210410_103944_03.jpg,0.48022666573524475,False
rgb20210410_103923_01.jpg,0.4813804030418396,False
rgb20210410_104019_02.jpg,0.48373252153396606,False
rgb20210410_104007_01.jpg,0.5094376802444458,False
rgb20210410_103913_01.jpg,0.5103701949119568,False
rgb20210410_104002_02.jpg,0.5110533833503723,False
rgb20210410_103908_00.jpg,0.512190580368042,False
